symbol,name,role,data_status,market_data_date,swing_regime,swing_downside_probability,swing_relative_probability,swing_20d_downside_probability,swing_20d_relative_probability,swing_63d_downside_probability,swing_63d_relative_probability,long_126d_downside_probability,long_126d_relative_probability,long_252d_downside_probability,long_252d_relative_probability,swing_action,swing_pending_action,long_term_action,long_term_pending_action
BRG.OL,Borregaard,active_watchlist,Current,2026-10-09,Defensive,0.19736842105263158,0.5959752321981424,0.19091608929946113,0.5665896843725943,0.19736842105263158,0.5959752321981424,0.20432692307692307,0.6770833333333334,0.18988391376451078,0.7520729684908789,Defer new buying / review risk,,Defer new buying / review risk,
NORBT.OL,Norbit,active_watchlist,Current,2026-10-09,Defensive,0.20151133501259447,0.6372795969773299,0.2546728971962617,0.530373831775701,0.20151133501259447,0.6372795969773299,0.25699745547073793,0.6055979643765903,0.24861878453038674,0.7458563535911602,Defer new buying / review risk,,Defer new buying / review risk,
TEL.OL,Telenor,active_watchlist,Current,2026-10-09,Defensive,0.3037249283667622,0.45702005730659023,0.2591093117408907,0.4682860998650472,0.3037249283667622,0.45702005730659023,0.36403508771929827,0.402046783625731,0.2535211267605634,0.4084507042253521,Defer new buying / review risk,,Defer new buying / review risk,
PUBLI.OL,Public Property Invest,active_watchlist,Current,2026-10-09,Defensive,0.18181818181818182,0.26262626262626265,0.28888888888888886,0.35555555555555557,0.18181818181818182,0.26262626262626265,0.23684210526315788,0.10526315789473684,0.0,0.0,Defer new buying / review risk,,Defer new buying / review risk,
COSH.OL,Constellation Oil Services Holding,active_watchlist,Current,2026-10-09,Neutral,0.0,0.0,0.0625,0.28125,0.0,0.0,,,,,No model view,,No model view,
CMBTO.OL,CMB.TECH,active_watchlist,Current,2026-10-09,Constructive,,,,,,,,,,,No model view,,No model view,
KIT.OL,Kitron,active_watchlist,Current,2026-10-09,Neutral,0.20590582601755786,0.5674381484437351,0.20031421838177532,0.4713275726630008,0.20590582601755786,0.5674381484437351,0.1814516129032258,0.6266129032258064,0.19572368421052633,0.7911184210526315,Watch / monitor,,Watch / monitor,
MOWI.OL,Mowi,coverage_reference,Current,2026-10-09,Neutral,0.18005354752342703,0.608433734939759,0.1867273910214704,0.5491216655823032,0.18005354752342703,0.608433734939759,0.18224932249322492,0.5873983739837398,0.19154929577464788,0.4732394366197183,Defer new buying / review risk,Watch / monitor,Defer new buying / review risk,Watch / monitor
FRO.OL,Frontline,proxy,Current,2026-10-09,Constructive,0.1419284940411701,0.6489707475622969,0.1331945889698231,0.5837669094693028,0.1419284940411701,0.6489707475622969,0.13013698630136986,0.682648401826484,0.2178988326848249,0.6277561608300908,Watch / monitor,,Consider deeper entry research,
KOG.OL,Kongsberg Gruppen,proxy,Current,2026-10-09,Defensive,0.233983286908078,0.5580315691736305,0.24272727272727274,0.5509090909090909,0.233983286908078,0.5580315691736305,0.22682445759368836,0.5670611439842209,0.22958057395143489,0.6821192052980133,Defer new buying / review risk,,Defer new buying / review risk,
OSEBX.OL,Oslo Børs Benchmark Index,benchmark,Current,2026-10-09,Neutral,0.21954484605087016,0.0,0.21941489361702127,0.0,0.21954484605087016,0.0,0.16432584269662923,0.0,0.28402366863905326,0.0,Watch / monitor,,Watch / monitor,
